{
  "taskMgmtPage": {
    "loginBtn": {
      "locatorType": "css",
      "locatorValue": ".island-button"
    },
    "signInButton": {
      "locatorType": "id",
      "locatorValue": "submitFrm"
    },
    "username": {
      "locatorType": "name",
      "locatorValue": "username"
    },
    "password": {
      "locatorType": "name",
      "locatorValue": "password"
    },
    "taskMangmntTab": {
      "locatorType": "xpath",
      "locatorValue": "//*[@id='js-navigation-plan.0.1']/a"
    },

    "leftNav": {
      "locatorType": "css",
      "locatorValue": "[title='Personnel Management']"
    },
    "leftNavDPOD":{
      "locatorType": "css",
      "locatorValue": "[title='Plan of The Day']"
    },

    "taskPage":{
      "locatorType": "css",
      "locatorValue": "[title='Tasks']"
    },

    "addButton1": {
      "locatorTye": "css",
      "locatorValue": "#createIcon button"
    },
    "emailId": {
      "locatorTye": "css",
      "locatorValue": "#email"
    },
    "turbineTaskStatusLink": {
      "locatorType": "cssArray",
      "value": {
        "locatorValue": "div.taskList.ng-scope",
        "index": 1
      }
    },
    "date": {
      "locatorType": "cssArray",
      "value": {
        "locatorValue": ".table tr td.ng-binding",
        "index": 0
      }
    },
    "reg": {
      "locatorType": "css",
      "locatorValue": ".content_dd"
    },
    "taskType1": {
      "locatorType": "xpath",
      "locatorValue": "//div[@class='row ng-scope']/div[2]/div[2]/div[4]/div"
    },
    "taskPlanTabInfo": {
      "locatorType": "xpath",
      "locatorValue": "//*[@id='tabtitle'][text()='Plan']"
    },
    "assetTypeLabel": {
      "locatorType": "xpath",
      "locatorValue": "//*[@id='myModal-title'][text()='Choose asset type']"
    },
    "planLabel": {
      "locatorType": "class",
      "locatorValue": "section_title ng-scope"
    },
    "assetTypeDropDown": {
      "locatorType": "class",
      "locatorValue": "style-scope px-dropdown x-scope px-dropdown-text-0"
    },
    "taskExecutionTab": {
      "locatorType": "xpath",
      "locatorValue": "//*[@id='tabtitle'][text()='Execution']"
    },
    "descrptionTextField": {
      "locatorType": "xpath",
      "locatorValue": "//*[@id='content'][text()='Description']"
    },
    "exeTabCompleteDateField": {
      "locatorType": "xpath",
      "locatorValue": "//section[@class='ng-scope']/table/tbody/tr[2]/td"
    },
    "completeDateField": {
      "locatorType": "xpath",
      "locatorValue": "//table[@class='table task_header_section']/tbody/tr[2]/td[3]"
    },
    "dpodMenuLnk": {
      "locatorType": "xpath",
      "locatorValue": "//*[@id='js-drawer']/div[1]/a"
    },
    "createButton": {
      "locatorType": "css",
      "locatorValue": ".btn.btn--primary.modal-trigger.create-btn"
    },
    "titleField": {
      "locatorType": "xpath",
      "locatorValue": "//input[@id='title']"
    },
    "descriptionField": {
      "locatorType": "xpath",
      "locatorValue": "//div[label[text()='Description ']]/textarea[@id='description']"
    },
    "categoryDropdown": {
      "locatorType": "cssArray",
      "value": {
        "locatorValue": ".ng-valid.ng-scope.disabled.ng-touched.ng-dirty.ng-valid-parse.ng-empty option",
        "index": 4
      }
    },
    "categoryDropdown1": {
      "locatorType": "xpath",
      "locatorValue": "//iron-collapse[@id='createTurbine']/div/div[3]/form/div[4]/div[2]/select/option[9]"
    },
    "categoryDropdown2": {
      "locatorType": "xpath",
      "locatorValue": "//iron-collapse[@id='createTurbine']/div/div[3]/form/div[4]/div[2]/select/option[4]"
    },
    "categorySelect": {
      "locatorType": "xpath",
      "locatorValue": "//iron-collapse[@id='createTurbine']/div/div[3]/form/div[4]/div[2]/select/option[3]"
    },
    "groupDropdown": {
      "locatorType": "cssArray",
      "value": {
        "locatorValue": ".ng-pristine.ng-valid.ng-not-empty.ng-touched option",
        "index": 1
      }
    },
    "turbinesIcon1": {
      "locatorType": "css",
      "locatorValue": "#createTurbine > div > div.t_page > form > h3.ng-binding.ng-scope > iron-icon"
    },
    "turbinesIcon": {
      "locatorType": "xpath",
      "locatorValue": "//*[@id='createTurbine']/div/div[3]/form/h3[2]/iron-icon"
    },
    "turbineSearch": {
      "locatorType": "xpath",
      "locatorValue": "//*[@id='content']/table/tbody/tr[1]/td/section/div/div/div/div[2]/div[1]/div/input"
    },
    "turbineSelectAll": {
      "locatorType": "css",
      "locatorValue": "#content > table > tbody > tr:nth-child(1) > td > section > div > div > div > div:nth-child(2) > div.col-md-12 > div > button"
    },
    "turbines43": {
      "locatorType": "xpath",
      "locatorValue": "//*[@id='content']/section/div/div/div/div[2]/div[2]/div[43]/span[1]/input"
    },
    "turbines114": {
      "locatorType": "xpath",
      "locatorValue": "//*[@id='content']/section/div/div/div/div[2]/div[2]/div[1]/span[1]/input"
    },
    "turbines141": {
      "locatorType": "css",
      "locatorValue": "#content > section > div > div > div > div:nth-child(2) > div:nth-child(2) > div:nth-child(2) > span:nth-child(1) > input"
    },
    "turbinesSelectionSaveBtn": {
      "locatorType": "xpath",
      "locatorValue": "//div[@class='setright']/button[text()='Save']"
    },
    "priorityDropdown": {
      "locatorType": "xpath",
      "locatorValue": "//*[@id='createTurbine']/div/div[3]/form/div[10]/div[1]/select/option[3]"
    },
    "sitePriorityDropdown": {
      "locatorType": "xpath",
      "locatorValue": "//*[@id='createTurbine']/div/div[3]/form/div[7]/div[1]/select/option[3]"
    },
    "estimatedTechsDropdown": {
      "locatorType": "xpath",
      "locatorValue": "//*[@id='createTurbine']/div/div[3]/form/div[10]/div[2]/select/option[3]"
    },
    "siteEstimatedTechsDropdown": {
      "locatorType": "xpath",
      "locatorValue": "//*[@id='createTurbine']/div/div[3]/form/div[7]/div[2]/select/option[3]"
    },
    "dueDateBtn": {
      "locatorType": "xpath",
      "locatorValue": "(//iron-icon[@id='icon'])[2]"
    },
    "dueDateSelection": {
      "locatorType": "xpath",
      "locatorValue": "(//div[@class='flex__item--middle today u-mb- style-scope px-datetime-picker'])[2]"
    },
    "recurrenceDropdown": {
      "locatorType": "xpath",
      "locatorValue": "//*[@id='createTurbine']/div/div[3]/form/div[14]/div[1]/select/option[3]"
    },
    "recurrenceEndAfterBtn": {
      "locatorType": "xpath",
      "locatorValue": "//input[@id='endAfter']"
    },
    "recurrenceEndAfterTxt": {
      "locatorType": "xpath",
      "locatorValue": "//input[@id='occ']"
    },
    "partsNeededTxtField": {
      "locatorType": "xpath",
      "locatorValue": "//div[label[text()='Parts Needed']]/textarea[@id='description']"
    },
    "techNotesTxtField": {
      "locatorType": "xpath",
      "locatorValue": "//div[label[text()='Tech Notes ']]/textarea[@id='description']"
    },
    "pODEODNotesTxtField": {
      "locatorType": "xpath",
      "locatorValue": "//div[label[text()='POD/ EOD Notes']]/textarea[@id='description']"
    },
    "clickOnChoosefile": {
      "locatorType": "xpath",
      "locatorValue": "//*[@id='fileButton']"
    },
    "clickAddBtn": {
      "locatorType": "xpath",
      "locatorValue": "//div[@class='setright']/button[2]/span[text()='Add']"
    },
    "successOkBtn": {
      "locatorType": "xpath",
      "locatorValue": "//div[@style='visibility: visible;']/section[@class='modal__content u-p+ style-scope px-modal']//div/button[text()='Ok']"
    },
    "activeSearchBtn": {
      "locatorType": "xpath",
      "locatorValue": "//*[@id='content']/section/div/div/div[2]/table/tbody/tr[1]/td[1]/div/div[1]/div[1]/input"
    },
    "createdTaskVerfication1": {
      "locatorType": "xpath",
      "locatorValue": "//*[@id='content']/section/div/div[2]/table/tbody/tr[1]/td[1]/div/div[3]/div[3]/div[2]/div[4]/div"
    },
    "createdTaskVerfication2": {
      "locatorType": "xpath",
      "locatorValue": "//*[@id='content']/section/div/div[2]/table/tbody/tr[1]/td[1]/div/div[3]/div[2]/div[2]/div[4]/div"
    },
    "createdTaskTurbine1": {
      "locatorType": "xpath",
      "locatorValue": "(//*[@class='task_code task-badge-1'])[1]"
    },
    "createdTaskTurbine2": {
      "locatorType": "xpath",
      "locatorValue": "(//*[@class='task_code task-badge-1'])[1]"
    },
    "completedTaskTurbine1": {
      "locatorType": "xpath",
      "locatorValue": "(//*[@class='task_code task-badge-1'])[1]"
    },
    "completedTaskTurbine3": {
      "locatorType": "xpath",
      "locatorValue": "(//*[@class='task_code task-badge-1'])[1]"
    },
    "completedTaskVerification": {
      "locatorType": "xpath",
      "locatorValue": "(//*[@class='camelcase ng-binding'])[1]"
    },
    "completedTaskVerification1": {
      "locatorType": "xpath",
      "locatorValue": "(//*[@class='camelcase ng-binding'])[2]"
    },
    "turbineVerification": {
      "locatorType": "xpath",
      "locatorValue": "(//*[@class='ng-binding ng-scope'])[1]"
    },
    "turbineTaskStatusLink1": {
      "locatorType": "cssArray",
      "value": {
        "locatorValue": "div.taskList.ng-scope",
        "index": 0
      }
    },
    "editTaskBtn": {
      "locatorType": "xpath",
      "locatorValue": "//div[@class='section_title ng-binding ng-scope']/i[@title='Edit']"
    },
    "editExecutionTab": {
      "locatorType": "xpath",
      "locatorValue": "//*[@id='createTurbine']/div/div[1]/div[2]/div/div/span[3]"
    },
    "editTaskStatusCompletedChkbox": {
      "locatorType": "xpath",
      "locatorValue": "//iron-collapse[@id='createTurbine']/div/div[4]/div/div/div[2]/div[1]/div/input"
    },
    "editCompletedDatePic": {
      "locatorType": "xpath",
      "locatorValue": "//px-datetime-picker[@id='cmpleteDatePicker']//iron-icon[@id='icon']"
    },
    "editCompletedMonthSelect": {
      "locatorType": "xpath",
      "locatorValue": "(//*[@class='flex__item--middle today u-mb- style-scope px-datetime-picker'])[4][text()='Today']"
    },
    "editCompletedDateSelect": {
      "locatorType": "xpath",
      "locatorValue": "(//*[@class='flex__item--middle today u-mb- style-scope px-datetime-picker'])[4][text()='Today']"
    },
    "editResolutionField": {
      "locatorType": "id",
      "locatorValue": "resolution"
    },
    "editSaveBtn": {
      "locatorType": "xpath",
      "locatorValue": "//*[@id='createTurbine']/div/div[1]/div[1]/div[3]/div/button[3]/span"
    },
    "turbineTaskStatusLink2": {
      "locatorType": "cssArray",
      "value": {
        "locatorValue": "div.taskList.ng-scope",
        "index": 1
      }
    },
    "createdTaskAssertion2": {
      "locatorType": "xpath",
      "locatorValue": "//*[@id='content']/table/tbody/tr[1]/td/section/div/div[2]/table/tbody/tr[1]/td[1]/div/div[3]/div[4]/div[2]/div[4]/div"
    },
    "completedTaskTurbine2": {
      "locatorType": "xpath",
      "locatorValue": "//*[@id='content']/table/tbody/tr[1]/td/section/div/div[2]/table/tbody/tr[1]/td[1]/div/div[3]/div[4]/div[2]/div[1]/span[1]"
    },
    "actualDuration": {
      "locatorType": "xpath",
      "locatorValue": "//*[@id='taskActualDurationHrs']"
    },
    "dashboardTab": {
      "locatorType": "xpath",
      "locatorValue": "//*[@id='js-navigation-plan.0.0']/a/div"
    },
    "taskTab": {
      "locatorType": "xpath",
      "locatorValue": "//*[@id='js-navigation-plan.0.1']/a/div"
    },
    "descriptionText": {
      "locatorType": "xpath",
      "locatorValue": "//*[@id='content']/section/div/div/div[2]/table/tbody/tr[1]/td[2]/div/div/div[2]/div[2]/plan-tab-content/div/section[1]/div[2]"
    },
    "dueDateErrorMessage": {
      "locatorType": "xpath",
      "locatorValue": "//*[@id='createTurbine']/div/div[3]/form/div[12]/div[2]/div[2]"
    },
    "crewThetaCrew1": {
      "locatorType": "xpath",
      "locatorValue": "(//*[@class='disShortName 0'])[1]"
    },
    "crewThetaCrew2": {
      "locatorType": "xpath",
      "locatorValue": "(//*[@class='disShortName 1'])[1]"
    },
    "crewThetaCrew3": {
      "locatorType": "xpath",
      "locatorValue": "(//*[@class='disShortName 2'])[1]"
    },
    "crewThetaCrew4": {
      "locatorType": "xpath",
      "locatorValue": "(//*[@class='disShortName 3'])[1]"
    },
    "workPlanThetaCrew1": {
      "locatorType": "xpath",
      "locatorValue": "(//div[@id='crewColumnId']/div[2]/span[1])[1]"
    },
    "workPlanThetaCrew2": {
      "locatorType": "xpath",
      "locatorValue": "(//div[@id='crewColumnId']/div[2]/span[2])[1]"
    },
    "workPlanThetaCrew3": {
      "locatorType": "xpath",
      "locatorValue": "(//div[@id='crewColumnId']/div[2]/span[3])[1]"
    },
    "workPlanThetaCrew4": {
      "locatorType": "xpath",
      "locatorValue": "(//div[@id='crewColumnId']/div[2]/span[4])[1]"
    },
    "crewSection3": {
      "locatorType": "xpath",
      "locatorValue": "(//*[@class='disShortName 0'])[2]"
    },
    "removeAllTech": {
      "locatorType": "xpath",
      "locatorValue": "//*[@title='Remove all techs from this crew']"
    },
    "removeAllTechConf": {
      "locatorType": "xpath",
      "locatorValue": "//*[@id='myModal']/section/button"
    },
    "deleteTaskBtn": {
      "locatorType": "css",
      "locatorValue": ".fa.fa-trash-o.ng-scope"
    },
    "deleteConformationYesBtn": {
      "locatorType": "xpath",
      "locatorValue": "(//*[@id='btnModalPositive'][text()='Yes'])[1]"
    },
    "deleteConformationText": {
      "locatorType": "xpath",
      "locatorValue": "(//*[@id='myModal']/section/p)[1]"
    },
    "deleteConformationOKBtn": {
      "locatorType": "xpath",
      "locatorValue": "(//*[@id='btnModalPositive'])[text()='Yes']"
    },
    "dueDateCalendar": {
      "locatorType": "xpath",
      "locatorValue": "(//*[@id='icon'])[2]"
    },
    "dueDateCalenderIcon": {
      "locatorType": "xpath",
      "locatorValue": "(//*[@id='calendar']/div[1]/button[1]/iron-icon)[2]"
    },
    "dueDateSelect": {
      "locatorType": "xpath",
      "locatorValue": "(//*[@id='calendar']/div[5]/div[2]/px-calendar-cell/div/button)[2]"
    },
    "statusOKbtn": {
      "locatorType": "xpath",
      "locatorValue": "(//*[@id='btnModalPositive'])[3]"
    },
    "errorConformationText": {
      "locatorType": "xpath",
      "locatorValue": "//*[@id='createTurbine']/div/div[3]/form/div[12]/div[2]/div[2]"
    },
    "turbineTab": {
      "locatorType": "xpath",
      "locatorValue": "//li[@id='js-navigation-plan.0.2']/a"
    },
    "deleteHashTag": {
      "locatorType": "cssArray",
      "value": {
        "locatorValue": ".fa.fa-remove.ng-scope",
        "index": 0
      }
    },
    "clickOnHashTag": {
      "locatorType": "css",
      "locatorValue": ".addHash.ng-scope"
    },
    "hashTagTextField": {
      "locatorType": "css",
      "locatorValue": ".search-text-dropdown"
    },
    "textClick": {
      "locatorType": "xpath",
      "locatorValue": "//*[@id='mainPage']/div[2]/table/tbody/tr/td[2]/div/div/div[2]/div/div/div[1]"
    },
    "turbineLandingSearch": {
      "locatorType": "xpath",
      "locatorValue": "//*[@id='mainPage']/div[2]/table/tbody/tr/td[1]/div/div[1]/div[1]/input"
    },
    "selectFirstTurbine": {
      "locatorType": "className",
      "locatorValue": "taskList float--left u-1/1 ng-scope selected"
    },
    "filterIcon": {
      "locatorType": "css",
      "locatorValue": ".fa.fa-filter.search-filter"
    },
    "onlineFilterChkbox": {
      "locatorType": "xpath",
      "locatorValue": "(//*[@id='basic-form-checkbox'])[1]"
    },
    "offlineFilterChkbox": {
      "locatorType": "xpath",
      "locatorValue": "(//*[@id='basic-form-checkbox'])[2]"
    },
    "clearAllFilterLink": {
      "locatorType": "xpath",
      "locatorValue": "//*[@id='myModal']/section/form/fieldset/a"
    },
    "filterTurbineApplyBtn": {
      "locatorType": "xpath",
      "locatorValue": "//*[@id='btnModalPositive']"
    },
    "removeAllTechYesBtn": {
      "locatorType": "xpath",
      "locatorValue": "(//*[@class='btn btn--primary deleteAllTechCrewBtn'])[1]"
    },
    "removeAllTechNoBtn": {
      "locatorType": "xpath",
      "locatorValue": "(//*[@id='btnModalNegative'][text()='No'])[1]"
    },
    "clickErrorBtn": {
      "locatorType": "xpath",
      "locatorValue": "(//*[@class='error ng-binding ng-scope'])[text()='Please select due date']"
    },
    "sortMenuTab": {
      "locatorType": "xpath",
      "locatorValue": "//*[@id='mainPage']/div[2]/table/tbody/tr/td[1]/div/div[1]/div[3]/div/span/i"
    },
    "turbineDisplayNameSort": {
      "locatorType": "xpath",
      "locatorValue": "//*[@id='mainPage']/div[2]/table/tbody/tr/td[1]/div/div[1]/div[3]/ul/li[1]"
    },
    "turbineNameSort": {
      "locatorType": "xpath",
      "locatorValue": "//*[@id='mainPage']/div[2]/table/tbody/tr/td[1]/div/div[1]/div[3]/ul/li[2]"
    },
    "turbineModelSort": {
      "locatorType": "xpath",
      "locatorValue": "//*[@id='mainPage']/div[2]/table/tbody/tr/td[1]/div/div[1]/div[3]/ul/li[3]"
    },
    "lastVisitSort": {
      "locatorType": "xpath",
      "locatorValue": "//*[@id='mainPage']/div[2]/table/tbody/tr/td[1]/div/div[1]/div[3]/ul/li[4]"
    },
    "nextTaskSort": {
      "locatorType": "xpath",
      "locatorValue": "//*[@id='mainPage']/div[2]/table/tbody/tr/td[1]/div/div[1]/div[3]/ul/li[5]"
    },
    "turbineNameInSearch": {
      "locatorType": "xpath",
      "locatorValue": "//*[@id='mainPage']/div[2]/table/tbody/tr/td[1]/div/div[2]/div[1]/div[2]/div[1]/span[1]"
    },
    "turbineModelInSearch": {
      "locatorType": "xpath",
      "locatorValue": "//*[@id='mainPage']/div[2]/table/tbody/tr/td[1]/div/div[2]/div[1]/div[2]/div[2]/span"
    },
    "turbineNameInPane": {
      "locatorType": "xpath",
      "locatorValue": "//*[@id='mainPage']/div[2]/table/tbody/tr/td[2]/div/div/div[1]/div[1]/div[1]/span"
    },
    "turbineModelInPane": {
      "locatorType": "xpath",
      "locatorValue": "//*[@id='mainPage']/div[2]/table/tbody/tr/td[2]/div/div/div[1]/div[1]/div[1]/strong"
    },
    "estimatedDurationFld": {
      "locatorType": "xpath",
      "locatorValue": "//*[@class='text-input--bare style-scope px-datetime-entry-cell'][@placeholder='HH']"
    },
    "lastVisitInSearch": {
      "locatorType": "xpath",
      "locatorValue": "//*[@id='mainPage']/div[2]/table/tbody/tr/td[1]/div/div[2]/div[1]/div[2]/div[3]/div[1]/span[2]"
    },
    "lastVisitInPane": {
      "locatorType": "xpath",
      "locatorValue": "//*[@id='mainPage']/div[2]/table/tbody/tr/td[2]/div/div/div[1]/div[2]/table/tbody/tr[2]/td[1]/span"
    },
    "nextTaskInSearch": {
      "locatorType": "xpath",
      "locatorValue": "//*[@id='mainPage']/div[2]/table/tbody/tr/td[1]/div/div[2]/div[1]/div[2]/div[3]/div[1]/span[4]"
    },
    "nextTaskInPane": {
      "locatorType": "xpath",
      "locatorValue": "//*[@id='mainPage']/div[2]/table/tbody/tr/td[2]/div/div/div[1]/div[2]/table/tbody/tr[2]/td[3]/span"
    },
    "turbineHomePage": {
      "locatorType": "xpath",
      "locatorValue": "//*[@id='mainPage']/div[2]/table/tbody/tr/td[1]/div/div[2]/div[1]"
    },
    "turbineFromDate": {
      "locatorType": "xpath",
      "locatorValue": "(//*[@id='icon'])[1]"
    },
    "turbineFromDateIcon": {
      "locatorType": "xpath",
      "locatorValue": "(//*[@id='calendar']/div[1]/button[1]/iron-icon)[1]"
    },
    "turbineFromDateSelect": {
      "locatorType": "xpath",
      "locatorValue": "(//*[@id='calendar']/div[6]/div[3]/px-calendar-cell/div/button)[1]"
    },
    "turbineHistorySearch": {
      "locatorType": "xpath",
      "locatorValue": "//*[@id='mainPage']/div[2]/table/tbody/tr/td[2]/div/div/div[2]/div/div/section[2]/div/div[1]/input"
    },
    "turbineToDate": {
      "locatorType": "xpath",
      "locatorValue": "(//*[@id='icon'])[2]"
    },
    "turbineToDateToday": {
      "locatorType": "xpath",
      "locatorValue": "(//*[@id='box']/div/div)[2]"
    },
    "planSaveBtn": {
      "locatorType": "css",
      "locatorValue": ".btn.float--right.ng-binding.ng-scope"
    },
    "reportsTab": {
      "locatorType": "xpath",
      "locatorValue": "//*[@id='js-navigation-plan.0.3']/a"
    },
    "reportsPerformanceBtn": {
      "locatorType": "xpath",
      "locatorValue": "//*[@id='reportSection_1']/div[1]/div/div[1]/span[2]/i"
    },
    "reportsSiteContractsBtn": {
      "locatorType": "xpath",
      "locatorValue": "//*[@id='reportSection_1']/div[4]/div/div[1]/span[2]/i"
    },
    "turbineInReducedTask": {
      "locatorType": "cssArray",
      "value": {
        "locatorValue": ".fa.aHand.u-mr-.fa-eye",
        "index": 1
      }
    },
    "reportsSaveBtn": {
      "locatorType": "xpath",
      "locatorValue": "//*[@class='float--right btn btn--tertiary u-mb+ u-mr+ u-ml0 ng-binding ng-scope'][text()='Save']"
    },
    "reportsPreviewBtn": {
      "locatorType": "xpath",
      "locatorValue": "//*[@class='float--right btn btn--tertiary u-mb+ u-mr+ ng-binding ng-scope'][text()='Preview']"
    },
    "reportsPrintToEmailBtn": {
      "locatorType": "xpath",
      "locatorValue": "//*[@class='float--right btn btn--tertiary u-mb+ u-mr+ ng-binding ng-scope'][text()='Print to email']"
    },
    "turbineInPlnnedMnt": {
      "locatorType": "xpath",
      "locatorValue": "//*[@id='parentDivPlanned']/div[2]/div/table/tbody//span[2]"
    },
    "taskInPlnnedMnt": {
      "locatorType": "xpath",
      "locatorValue": "//*[@id='parentDivPlanned']/div[2]/div/table/thead/tr/td[1]/strong"
    },
    "reportsInPlnnedMntTab": {
      "locatorType": "xpath",
      "locatorValue": "//*[text()='Planned Maintenance']"
    },
    "reportWeatherDetails": {
      "locatorType": "xpath",
      "locatorValue": "//*[@id='wrWidget']/div[2]/div/div[1]/div"
    },
    "reportWeatherDate": {
      "locatorType": "xpath",
      "locatorValue": "//*[@class='u-pt- ']"
    },
    "reportWeatherSky": {
      "locatorType": "xpath",
      "locatorValue": "//*[@class='u-pt++  u-mb--']"
    },
    "reportWeatherWind": {
      "locatorType": "xpath",
      "locatorValue": "//*[@class='u-pt0  u-mb--']"
    },
    "reportWeatherWindDirection": {
      "locatorType": "xpath",
      "locatorValue": "//*[@class='u-pt0 ']"
    },
    "reportEODTab": {
      "locatorType": "xpath",
      "locatorValue": "//*[@id='tabtitle'][text()='End of the Day']"
    },
    "reportTORSAddTower": {
      "locatorType": "xpath",
      "locatorValue": "//*[@id='parentDiv1']/div[1]/div[1]/label"
    },
    "reportAddTaskDropdown": {
      "locatorType": "xpath",
      "locatorValue": "//*[@id='parentDiv1']/div[1]/div[1]/div/div[2]/div[1]/div/span/button"
    },
    "reportAddTaskSearch": {
      "locatorType": "xpath",
      "locatorValue": "//*[@id='parentDiv1']//div[2]/input"
    },
    "reportAddTaskSelect": {
      "locatorType": "xpath",
      "locatorValue": "//*[@id='parentDiv1']/div[1]/div[1]/div//div[2]/div[3]/div/label/span"
    },
    "reportAddTaskBtn": {
      "locatorType": "xpath",
      "locatorValue": "//*[@id='parentDiv1']//button[2]"
    },
    "reportPMAddTower": {
      "locatorType": "xpath",
      "locatorValue": "//*[@id='parentDivPlanned']/div[1]/div[1]/label"
    },
    "reportPMAddTaskDropdown": {
      "locatorType": "xpath",
      "locatorValue": "//*[@id='parentDivPlanned']/div[1]/div[1]/div/div[2]/div[1]/div/span/button"
    },
    "reportPMAddTaskSearch": {
      "locatorType": "xpath",
      "locatorValue": "//*[@id='parentDivPlanned']//div[2]/input"
    },
    "reportPMAddTaskSelect": {
      "locatorType": "xpath",
      "locatorValue": "(//*[@id='parentDivPlanned']//div/label/span)[2]"
    },
    "reportPMAddTaskBtn": {
      "locatorType": "xpath",
      "locatorValue": "//*[@id='parentDivPlanned']//button[2]"
    },
    "reportEODArchivebtn": {
      "locatorType": "xpath",
      "locatorValue": "//*[@id='rptArchive']"
    },
    "reportEODArchivePDFReport": {
      "locatorType": "xpath",
      "locatorValue": "//*[@id='scrollBodyTableContainer']/div[3]/px-data-table-cell[2]/aha-html-echo/a"
    },
    "addExistingTaskRadioBtn": {
      "locatorType": "xpath",
      "locatorValue": "(//*[@class='u-1/1 float--left']/input)[1]"
    },
    "addNewORexistingTaskBtn": {
      "locatorType": "xpath",
      "locatorValue": "//*[@id='animated-demo']/div[3]/div/section/div/div[2]/div/div/div/div[2]/div/div/div[1]/div[2]/div/button"
    },
    "existingTaskSelectDrpdwn": {
      "locatorType": "xpath",
      "locatorValue": "//*[@id='addTaskDialog_0']/div/div[1]/div[1]/div/span/button"
    },
    "selectAsset": {
      "locatorType": "cssArray",
      "value": {
        "locatorValue": ".multiSelectItem.ng-scope.vertical",
        "index": 1
      }
    },
    "addTaskSearchBtn": {
      "locatorType": "xpath",
      "locatorValue": "//*[@id='addTaskDialog_0']/div/div[1]/div[1]/div/span/div/div[1]/div[2]/input"
    },
    "addTaskSelectBtn": {
      "locatorType": "xpath",
      "locatorValue": "//*[@id='addTaskDialog_0']/div//div/div/label/span"
    },
    "addButton": {
      "locatorType": "xpath",
      "locatorValue": "//div[@id='addTaskDialog_0']/div/div[2]/button[2]"
    },
    "saveConformationNoBtn": {
      "locatorType": "xpath",
      "locatorValue": "//*[@id='animated-demo']/div[3]/div/rsat-popup/div/div/button[3]"
    },
    "newlyAddedTask": {
      "locatorType": "xpath",
      "locatorValue": "(//*[@id='task-0']/span[2]/a)[2]"
    },
    "workplanSaveBtn": {
      "locatorType": "xpath",
      "locatorValue": "//*[@id='animated-demo']/div[3]/div/section/div/div[3]/button[1]"
    },
    "field": {
      "locatorType": "xpath",
      "locatorValue": "//div[@id='crew_section_widget']/div[18]/div"
    },
    "src": {
      "locatorType": "xpath",
      "locatorValue": "//div[@id='crew_section_widget']/div[17]"
    },
    "testPlanedTaskLnk": {
      "locatorType": "xpath",
      "locatorValue": "(//*[@id='task-0']/span[2]/a)[2]"
    },
    "editExecutionTab1": {
      "locatorType": "xpath",
      "locatorValue": "//*[@id='createTurbine']/div/div[1]/div[2]/div/div/span[3]"
    },
    "editTaskStatusCompletedChkbox1": {
      "locatorType": "xpath",
      "locatorValue": "//iron-collapse[@id='createTurbine']/div/div[4]/div/div/div[2]/div[1]/div/input"
    },
    "editCompletedDatePic1": {
      "locatorType": "xpath",
      "locatorValue": "//px-datetime-picker[@id='cmpleteDatePicker']//iron-icon[@id='icon']"
    },
    "editCompletedMonthSelect1": {
      "locatorType": "xpath",
      "locatorValue": "//div[label[text()='Completed']]//button[@id='btnNextMonth']/iron-icon"
    },
    "editCompletedDateSelect1": {
      "locatorType": "xpath",
      "locatorValue": "//div[label[text()='Completed']]//div[@class='flex__item--middle today u-mb- style-scope px-datetime-picker']"
    },
    "editResolutionField1": {
      "locatorType": "id",
      "locatorValue": "resolution"
    },
    "editSaveBtn1": {
      "locatorType": "xpath",
      "locatorValue": "//*[@id='createTurbine']/div/div[1]/div[1]/div[3]/div/button[3]/span"
    },
    "successOkBtn1": {
      "locatorType": "xpath",
      "locatorValue": "//div[@style='visibility: visible;']/section[@class='modal__content u-p+ style-scope px-modal']//div/button[text()='Ok']"
    },
    "testPlanNotCompleted": {
      "locatorType": "xpath",
      "locatorValue": "(//*[@id='task-0']/span[3]/a[3]/i)[1][contains(@class,'bgGrey')]"
    },
    "unknownNotCompleted": {
      "locatorType": "xpath",
      "locatorValue": "(//*[@id='task-0']/span[3]/a[3]/i)[2]"
    },
    "testPlanCompleted": {
      "locatorType": "xpath",
      "locatorValue": "(//*[@id='task-0']/span[3]/i)"
    },
    "actualDurationHour": {
      "locatorType": "xpath",
      "locatorValue": "(//*[@id='task-0']/div[1]/form/div[2]/select[1])[1]/option[5]"
    },
    "actualDurationMinute": {
      "locatorType": "xpath",
      "locatorValue": "(//*[@id='task-0']/div[1]/form/div[2]/select[2])[1]/option[2]"
    },
    "resolutionNotes1": {
      "locatorType": "xpath",
      "locatorValue": "(//*[@id='task-0']/div[1]/form/div[3]/textarea)[1]"
    },
    "doneBtn1": {
      "locatorType": "xpath",
      "locatorValue": "(//*[@id='task-0']/div[1]/form/div[4]/button[2])[1]"
    },
    "actualDurationHour2": {
      "locatorType": "xpath",
      "locatorValue": "(//*[@id='task-0']/div[1]/form/div[2]/select[1])[2]/option[3]"
    },
    "actualDurationMinute2": {
      "locatorType": "xpath",
      "locatorValue": "(//*[@id='task-0']/div[1]/form/div[2]/select[2])[2]/option[2]"
    },
    "resolutionNotes2": {
      "locatorType": "xpath",
      "locatorValue": "(//*[@id='task-0']/div[1]/form/div[3]/textarea)[2]"
    },
    "doneBtn2": {
      "locatorType": "xpath",
      "locatorValue": "(//*[@id='task-0']/div[1]/form/div[4]/button[2])[2]"
    },
    "MultipleCancelImage": {
      "locatorType": "css",
      "locatorValue": "#task-1 > span.state.float--right > a:nth-child(1)"
    },
    "MultipleRefreshImage": {
      "locatorType": "css",
      "locatorValue": "#task-1 > span.state.float--right > a:nth-child(2)"
    },
    "contractorNameClik": {
      "locatorType": "xpath",
      "locatorValue": "//div[@id='crew_section_widget']/div[3]/div/div/div[1]"
    },
    "contractorNameTooltip": {
      "locatorType": "xpath",
      "locatorValue": "/html/body/div[111]"
    },
    "contractorNameVerif": {
      "locatorType": "xpath",
      "locatorValue": "//*[@id='displayCrewNamePopup']/i"
    },
    "editTechDetailsLink": {
      "locatorType": "xpath",
      "locatorValue": "//*[@title='Edit tech details']"
    },
    "initialsFld": {
      "locatorType": "xpath",
      "locatorValue": "//*[@id='initials']"
    },
    "lastNameFld": {
      "locatorType": "xpath",
      "locatorValue": "//*[@id='lastname']"
    },
    "FirstNameFld": {
      "locatorType": "xpath",
      "locatorValue": "//*[@id='firstname']"
    },
    "editTechSaveBtn": {
      "locatorType": "xpath",
      "locatorValue": "//*[@id='myModal']//button[text()='Save']"
    },
    "markAsNotWorking": {
      "locatorType": "xpath",
      "locatorValue": "//*[@class='crewActionPopup ng-scope']//li[contains(.,'Mark as not working')]"
    },
    "contractorName": {
      "locatorType": "xpath",
      "locatorValue": "(//span[@id='crewSpan']/i)[8]"
    },
    "markAsOnCall": {
      "locatorType": "xpath",
      "locatorValue": "//*[@class='crewActionPopup ng-scope']//li[contains(.,'Mark as on call')]"
    },
    "selectedTurbineTitleName": {
      "locatorType": "xpath",
      "locatorValue": "(//*[@id='task-0']/span[2]/a)[8]"
    },
    "saveButton": {
      "locatorType": "xpath",
      "locatorValue": "//*[@id='animated-demo']/div[3]/div/section/div/div[3]/button[1]"
    },
    "turbineStatusText": {
      "locatorType": "xpath",
      "locatorValue": "//*[@id='turbine_widget']/div[1]/div[1]/span[1]"
    },
    "faultedName": {
      "locatorType": "css",
      "locatorValue": "#turbine_widget > div:nth-child(2) > div:nth-child(1) > p > span"
    },
    "stoppedName": {
      "locatorType": "css",
      "locatorValue": "#turbine_widget > div:nth-child(2) > div:nth-child(3) > p > span.assetName.style-scope.plan-turbine-status-widget"
    },
    "impactedName": {
      "locatorType": "css",
      "locatorValue": "#turbine_widget > div:nth-child(2) > div:nth-child(5) > p > span.assetName.style-scope.plan-turbine-status-widget"
    },
    "netcomName": {
      "locatorType": "css",
      "locatorValue": "#turbine_widget > div:nth-child(2) > div:nth-child(7) > p > span"
    },
    "diagnosticsName": {
      "locatorType": "css",
      "locatorValue": "#turbine_widget > div:nth-child(2) > div:nth-child(9) > p > span.assetName.style-scope.plan-turbine-status-widget"
    },
    "faultedTurbines": {
      "locatorType": "cssAll",
      "locatorValue": ".badge.badge-2.style-scope.plan-turbine-status-widget"
    },
    "stoppedTurbines": {
      "locatorType": "cssAll",
      "locatorValue": ".badge.badge-3.style-scope.plan-turbine-status-widget"
    },
    "impactedTurbines": {
      "locatorType": "cssAll",
      "locatorValue": ".badge.badge-4.style-scope.plan-turbine-status-widget"
    },
    "netcomTurbines": {
      "locatorType": "cssAll",
      "locatorValue": ".badge.badge-5.style-scope.plan-turbine-status-widget"
    },
    "diagnosticsTurbines": {
      "locatorType": "cssAll",
      "locatorValue": ".badge.badge-6.style-scope.plan-turbine-status-widget"
    },
    "adminTabInfo": {
      "locatorType": "xpath",
      "locatorValue": "//*[@id='js-navigation-user.0']/a/div"
    },
    "adminAddButton": {
      "locatorType": "css",
      "locatorValue": ".btn.btn--primary.create-btn.ng-binding"
    },
    "personalInfoSSOField": {
      "locatorType": "xpath",
      "locatorValue": "//input[@id='title']"
    },
    "personalInfoRoleDropdown": {
      "locatorType": "xpath",
      "locatorValue": "//*[@id='content']/table/tbody/tr[1]/td/section/div/form/div[3]/table/tbody/tr/td/div[1]/div/div/div[5]/select/option[2]"
    },
    "personalInfoFirstField": {
      "locatorType": "xpath",
      "locatorValue": "//input[@id='firstname']"
    },
    "personalInfoLastField": {
      "locatorType": "xpath",
      "locatorValue": "//input[@id='lastname']"
    },
    "personalInfoInitialsField": {
      "locatorType": "xpath",
      "locatorValue": "//input[@id='initials']"
    },
    "personalInfoEmailField": {
      "locatorType": "xpath",
      "locatorValue": "//input[@id='email']"
    },
    "personalInfoCountryCodeSelection": {
      "locatorType": "xpath",
      "locatorValue": "//div[@id='content']/table/tbody/tr[1]/td/section/div/form/div[3]/table/tbody/tr/td/div[1]/div/div/div[9]/div[2]/div/div/ul/li[101]/span[1]"
    },
    "personalInfoCountryCode": {
      "locatorType": "xpath",
      "locatorValue": "//*[@id='content']/table/tbody/tr[1]/td/section/div/form/div[3]/table/tbody/tr/td/div[1]/div/div/div[9]/div[2]/div/div"
    },
    "personalInfoPhoneNumber": {
      "locatorType": "xpath",
      "locatorValue": "//input[@id='phone']"
    },
    "personalInfoNextButton": {
      "locatorType": "xpath",
      "locatorValue": "//div[@id='content']/table/tbody/tr[1]/td/section/div/form/div[2]/div/div[2]/button"
    },
    "assginSiteCheckbox": {
      "locatorType": "xpath",
      "locatorValue": "//div[@id='content']/table/tbody/tr[1]/td/section/div/form/div[3]/table/tbody/tr/td/div[2]/div/div/div[3]/table/tbody/tr/td[1]/input"
    },
    "assignSiteNextButton": {
      "locatorType": "xpath",
      "locatorValue": "//div[@id='content']/table/tbody/tr[1]/td/section/div/form/div[2]/div/div[2]/button[2]"
    },
    "updatedSuccessMsg": {
      "locatorType": "xpath",
      "locatorValue": "(//div[@id='myModal']/section/p/b)[1]"
    },
    "updatedSuccessBtn": {
      "locatorType": "xpath",
      "locatorValue": "(//button[@id='btnModalPositive'])[1]"
    },
    "personalInfoSSOValidation": {
      "locatorType": "xpath",
      "locatorValue": "//div[@id='content']/table/tbody/tr[1]/td/section/div/div[2]/table/tbody/tr[1]/td[2]/div/div[1]/div/table/tbody/tr[3]/td[2]/div[2]"
    },
    "planModuleTab": {
      "locatorType": "xpath",
      "locatorValue": "//*[@id='js-navigation-plan.0.0']/a"
    },
    "pastPlanDateChaneIcon": {
      "locatorType": "xpath",
      "locatorValue": "//*[@id='animated-demo']/div[3]/div/section/div/div[1]/div[1]/div/div[1]"
    },
    "workPlanDate": {
      "locatorType": "xpath",
      "locatorValue": "//*[@id='animated-demo']/div[3]/div/section/div/div[1]/div[1]/div/div[2]/span"
    },
    "taskSuccessOkBtn": {
      "locatorType": "xpath",
      "locatorValue": "//div[@style='visibility: visible;']/section[@class='modal__content u-p+ style-scope px-modal']//div/button[text()='Ok']"
    },
    "siteTaskSelect": {
      "locatorType": "xpath",
      "locatorValue": "//*[@id='createTurbine']/div/div[1]/div[1]/div[2]/select/option[2]"
    },
    "siteCategoryDropdown": {
      "locatorType": "xpath",
      "locatorValue": "//*[@id='createTurbine']/div/div[3]/form/div[4]/div[2]/select/option[3]"
    },
    "recipientBtn": {
      "locatorType": "xpath",
      "locatorValue": "//*[@id='rptRecipient']"
    },
    "recipientMailidTxtFld": {
      "locatorType": "xpath",
      "locatorValue": "//*[@id='displayRecipient']/div/div[2]/div/div[2]/div[1]/div/input"
    },
    "recipientMailidEnter": {
      "locatorType": "xpath",
      "locatorValue": "//*[@id='displayRecipient']/div/div[1]/span"
    },
    "recipientBackBtn": {
      "locatorType": "xpath",
      "locatorValue": "//*[@id='rptRecipient']"
    },
    "recipientDeleteBtn": {
      "locatorType": "xpath",
      "locatorValue": "//*[@id='displayRecipient']/div/div[2]/div/div[2]/div[2]/div/span[2]/i"
    },
    "reportNotes": {
      "locatorType": "xpath",
      "locatorValue": "//*[@id='editor']/div[1]"
    },
    "workplanSideArrow": {
      "locatorType": "xpath",
      "locatorValue": "//*[@id='rightArrow']/i"
    },
    "workplanAddTurbineIcon": {
      "locatorType": "xpath",
      "locatorValue": "//*[@id='animated-demo']/div[3]/div/section/div//div/div[4]/div[2]/div/button"
    },
    "addExistingTaskRadioBtn4": {
      "locatorType": "xpath",
      "locatorValue": "(//*[@class='u-1/1 float--left']/input)[4]"
    },
    "addExistingTaskDropdwn": {
      "locatorType": "xpath",
      "locatorValue": "//*[@id='addTaskDialog_3']/div/div[1]/div[1]/div/span/button"
    },
    "addExistingTaskSelection": {
      "locatorType": "xpath",
      "locatorValue": "//*[@id='addTaskDialog_3']/div/div[1]/div[1]/div/span/div/div[2]/div[4]/div/label/span"
    },
    "addExistingTaskAddbtn3": {
      "locatorType": "xpath",
      "locatorValue": "//*[@id='addTaskDialog_3']/div/div[2]/button[2]"
    },
    "turbineRemoveWorkplan": {
      "locatorType": "cssArray",
      "value": {
        "locatorValue": ".btn-remove.float--right.bgGrey.u-mt--.u-mr0.u-pr-",
        "index": 1
      }
    },
    "addNewORexistingTaskBtn1": {
      "locatorType": "xpath",
      "locatorValue": "//*[@id='animated-demo']/div[3]/div/section//div[2]/div[2]/div/button"
    },
    "addExistingTaskRadioBtn1": {
      "locatorType": "xpath",
      "locatorValue": "(//*[@id='existing'])[2]"
    },
    "existingTaskDropdwn": {
      "locatorType": "xpath",
      "locatorValue": "//*[@id='addTaskDialog_1']/div/div[1]/div[1]/div/span/button"
    },
    "existingTurbineSelection": {
      "locatorType": "xpath",
      "locatorValue": "//*[@id='addTaskDialog_1']/div/div[1]/div[1]/div/span/div/div[2]/div[3]/div/label/span"
    },
    "taskAddButton": {
      "locatorType": "xpath",
      "locatorValue": "//*[@id='addTaskDialog_1']/div/div[2]/button[2]"
    },
    "existingTurbineSelect": {
      "locatorType": "xpath",
      "locatorValue": "//*[@id='addTaskDialog_0']/div/div[1]/div[1]/div/span/div/div[2]/div[3]/div/label/span"
    },
    "PlanWeatherWidget": {
      "locatorType": "xpath",
      "locatorValue": "//*[@class='epsilon bold u-mr0 handle_drag style-scope plan-weather-widget']"
    },
    "PlanWeather": {
      "locatorType": "xpath",
      "locatorValue": "//*[@id='weather_widget']/div[1]/span[2]/h2/span[1]"
    },
    "PlanWeatherTemp": {
      "locatorType": "xpath",
      "locatorValue": "//*[@id='weather_widget']/div[1]/span[2]/h2/sup/a[1]"
    },
    "performanceWidgetPOD": {
      "locatorType": "xpath",
      "locatorValue": "//*[@id='pWidget']/div[1]/span[1]"
    },
    "turbineStatusWidgetPOD": {
      "locatorType": "xpath",
      "locatorValue": "//*[@id='tsWidget']/div[1]/span[1]"
    },
    "siteContactsWidgetPOD": {
      "locatorType": "xpath",
      "locatorValue": "//*[@id='scWidget']/div[1]/span[1]"
    },
    "attachmentsWidgetPOD": {
      "locatorType": "xpath",
      "locatorValue": "//*[@id='atWidget']/div[1]/span[1]"
    },
    "groupDropdwn": {
      "locatorType": "xpath",
      "locatorValue": "//*[@id='createTurbine']/div/div[3]/form/div[6]/div[1]/select/option[2]"
    },
    "siteGroupDropdwn": {
      "locatorType": "xpath",
      "locatorValue": "//*[@id='selectContext']/div[2]/h1/iron-icon"
    },
    "siteGroupSelect": {
      "locatorType": "xpath",
      "locatorValue": "//*[@class='flex__item item-label style-scope px-context-browser'][text()='Flat Ridge']"
    },
    "siteCrewsHeading": {
      "locatorType": "xpath",
      "locatorValue": "//*[@id='reportFull']/div[4]/div[4]/div/div/div[1]/span[1]"
    },
    "siteCrew1": {
      "locatorType": "cssArray",
      "value": {
        "locatorValue": ".cell--value.style-scope.px-data-table-cell",
        "index": 1
      }
    },
    "siteCrew2": {
      "locatorType": "cssArray",
      "value": {
        "locatorValue": ".cell--value.style-scope.px-data-table-cell",
        "index": 2
      }
    },
    "siteCrew3": {
      "locatorType": "cssArray",
      "value": {
        "locatorValue": ".cell--value.style-scope.px-data-table-cell",
        "index": 8
      }
    },
    "siteCrew4": {
      "locatorType": "cssArray",
      "value": {
        "locatorValue": ".cell--value.style-scope.px-data-table-cell",
        "index": 9
      }
    },
    "siteCrew5": {
      "locatorType": "cssArray",
      "value": {
        "locatorValue": ".cell--value.style-scope.px-data-table-cell",
        "index": 15
      }
    },
    "siteCrew6": {
      "locatorType": "cssArray",
      "value": {
        "locatorValue": ".cell--value.style-scope.px-data-table-cell",
        "index": 16
      }
    },
    "performanceWidget": {
      "locatorType": "xpath",
      "locatorValue": "//*[@id='sortable-container']//div[text()='Performance']"
    },
    "mTDPWProduction": {
      "locatorType": "xpath",
      "locatorValue": "//*[@id='sortable-container']//li[@class='production ng-binding']"
    },
    "mTDPWProductionValue": {
      "locatorType": "xpath",
      "locatorValue": "//*[@id='sortable-container']//li[@class='production ng-binding']/span"
    },
    "mTDPWAvailability": {
      "locatorType": "xpath",
      "locatorValue": "//*[@id='sortable-container']//li[@class='availability ng-binding']"
    },
    "mTDPWAvailabilityValue": {
      "locatorType": "xpath",
      "locatorValue": "//*[@id='sortable-container']//li[@class='availability ng-binding']/span"
    },
    "performanceYTDButton": {
      "locatorType": "xpath",
      "locatorValue": "//*[@id='sortable-container']//a[@title='YTD']"
    },
    "taskFilter": {
      "locatorType": "css",
      "locatorValue": ".fa.fa-filter.search-filter"
    },
    "turbineCheckbox": {
      "locatorType": "xpath",
      "locatorValue": "(//*[@id='basic-form-checkbox'])[2]"
    },
    "filterApplyBtn": {
      "locatorType": "xpath",
      "locatorValue": "//*[@id='btnModalPositive'][text()='Apply']"
    },
    "turbinePendingCheckbox": {
      "locatorType": "xpath",
      "locatorValue": "(//*[@id='basic-form-checkbox'])[3]"
    },
    "turbineFilter": {
      "locatorType": "css",
      "locatorValue": ".fa.fa-filter.search-filter"
    },
    "turbineOnlineCheckbox": {
      "locatorType": "xpath",
      "locatorValue": "(//*[@id='basic-form-checkbox'])[1]"
    },
    "turbineOnlineStatus": {
      "locatorType": "xpath",
      "locatorValue": "//*[@id='mainPage']/div[2]/table/tbody/tr/td[1]/div/div[2]/div[1]/div[2]/div[1]/span[2]/span"
    },
    "turbineStatusTriangular": {
      "locatorType": "css",
      "locatorValue": ".errorCount.style-scope.plan-turbine-status-widget"
    },
    "firstPulsePoint": {
      "locatorType": "cssArray",
      "value": {
        "locatorValue": ".float--left.addTaskPlan.fa.fa-plus.turbActPlusIcons.style-scope.plan-turbine-status-widget",
        "index": 0
      }
    },
    "crewAssignForPulsePoint": {
      "locatorType": "cssArray",
      "value": {
        "locatorValue": ".float--left.minHeight80.style-scope.plan-turbine-status-widget",
        "index": 0
      }
    },
    "taskTypeETCChkbox": {
      "locatorType": "xpath",
      "locatorValue": "//section[legend[text()='Task Type']]//li/input"
    },
    "taskTypeMCEChkbox": {
      "locatorType": "xpath",
      "locatorValue": "//section[legend[text()='Task Type']]//li[2]/input"
    },
    "taskTypeMaintenanceChkbox": {
      "locatorType": "xpath",
      "locatorValue": "//section[legend[text()='Task Type']]//li[3]/input"
    },
    "taskTypePunchListChkbox": {
      "locatorType": "xpath",
      "locatorValue": "//section[legend[text()='Task Type']]//li[4]/input"
    },
    "taskTypeRetrofitsChkbox": {
      "locatorType": "xpath",
      "locatorValue": "//section[legend[text()='Task Type']]//li[5]/input"
    },
    "taskTypeTILChkbox": {
      "locatorType": "xpath",
      "locatorValue": "//section[legend[text()='Task Type']]//li[6]/input"
    },
    "taskTypeUMChkbox": {
      "locatorType": "xpath",
      "locatorValue": "//section[legend[text()='Task Type']]//li[7]/input"
    },
    "taskTypeOthersChkbox": {
      "locatorType": "xpath",
      "locatorValue": "//section[legend[text()='Task Type']]//li[8]/input"
    },
    "taskTypeDiagnosticsChkbox": {
      "locatorType": "xpath",
      "locatorValue": "//section[legend[text()='Task Type']]//li[9]/input"
    },
    "taskFilterResetBtn": {
      "locatorType": "xpath",
      "locatorValue": "//*[@id='myModal']/section/div[1]/form/fieldset/a"
    },
    "taskFilterPlusePoint": {
      "locatorType": "xpath",
      "locatorValue": "//*[@id='top']/div[2]/table/tbody/tr[1]/td[1]/div//div[2]/div[3]"
    },
    "taskCompleteIcon": {
      "locatorType": "css",
      "locatorValue": "#task-1 > span.state.float--right > a:nth-child(3)"
    },
    "workPlanTaskCompleted": {
      "locatorType": "css",
      "locatorValue": ".fa.fa-check.aHand.btn-action.bgGreen"
    },
    "taskActualDuration": {
      "locatorType": "xpath",
      "locatorValue": "//*[@ng-model='task.taskActualDurationHrs']/option[11]"
    },
    "taskActualDurationNotes": {
      "locatorType": "xpath",
      "locatorValue": "//*[@class='done-notes']"
    },
    "taskActualDurationDoneBtn": {
      "locatorType": "xpath",
      "locatorValue": "//*[@class='btn btn--primary ng-binding'][text()='Done']"
    },
    "turbineSortDisplayIcon": {
      "locatorType": "xpath",
      "locatorValue": "//*[@id='turbineListDropDown']"
    },
    "turbineSortLatVisit": {
      "locatorType": "xpath",
      "locatorValue": "//*[@id='mainPage']/div[2]/table/tbody/tr/td[1]/div/div[1]/div[3]/ul/li[4]"
    },
    "turbineFirstselection": {
      "locatorType": "xpath",
      "locatorValue": "//*[@id='mainPage']/div[2]/table/tbody/tr/td[1]/div/div[2]/div[1]"
    },
    "turbineUpdatedDate": {
      "locatorType": "xpath",
      "locatorValue": "//*[@id='mainPage']/div[2]/table/tbody/tr/td[2]/div/div/div[2]/div/div/section[2]/div/div[2]/table/tbody/tr/td[1]"
    },
    "turbineTaskTitle": {
      "locatorType": "xpath",
      "locatorValue": "//*[@id='mainPage']/div[2]/table/tbody/tr/td[2]/div/div/div[2]/div/div/section[2]/div/div[2]/table/tbody/tr/td[4]"
    },
    "turbineResolutionNotes": {
      "locatorType": "xpath",
      "locatorValue": "//*[@id='mainPage']/div[2]/table/tbody/tr/td[2]/div/div/div[2]/div/div/section[2]/div/div[2]/table/tbody/tr/td[5]"
    },
    "turbineFirstselectionInPlan": {
      "locatorType": "xpath",
      "locatorValue": "(//*[@id='task-1']/span[2]/a)[1]"
    },
    "executionTabSelect": {
      "locatorType": "xpath",
      "locatorValue": "//*[@id='createTurbine']/div/div[1]/div[2]/div/div/span[3]"
    },
    "executionTabSelectCheckBox": {
      "locatorType": "xpath",
      "locatorValue": "//*[@id='createTurbine']/div/div[4]/div/div/div[2]/div[1]/div/input"
    },
    "executionTabSaveBtn": {
      "locatorType": "xpath",
      "locatorValue": "//*[@id='createTurbine']/div/div[1]/div[1]/div[3]/div/button[3]/span"
    },
    "executionTabSaveConfBtn": {
      "locatorType": "xpath",
      "locatorValue": "(//*[@id='btnModalPositive'])[1]"
    },
    "noDataforCurrentDate": {
      "locatorType": "xpath",
      "locatorValue": "//*[@id='message']/span[2]"
    },
    "EditReportSavePromptYesBtn": {
      "locatorType": "xpath",
      "locatorValue": "//*[@class='btn btn--primary float--right u-mr- ng-binding'][text()='Yes']"
    },
    "techReportTab": {
      "locatorType": "xpath",
      "locatorValue": "//*[@id='tabtitle'][text()='Technician']"
    },
    "validateNoDataMsg1": {
      "locatorType": "xpath",
      "locatorValue": "//*[text()='No personnel is available for this site'][1]"
    },
    "validateNoDataMsg2": {
      "locatorType": "xpath",
      "locatorValue": "//*[text()='No personnel is available for this site'][2]"
    },
    "validateAddPer": {
      "locatorType": "xpath",
      "locatorValue": "//*[@id='createIcon']/button"
    },
    "addPersonnel": {
      "locatorType": "css",
      "locatorValue": "#createIcon button"
    },
    "clickCancel": {
      "locatorType": "xpath",
      "locatorValue": "//*[@class='btn float-right']"
    },
    "validateButton1": {
      "locatorType": "xpath",
      "locatorValue": "//*[@ng-if='hasEditAccess']/a[1]"
    },
    "validateButton2": {
      "locatorType": "xpath",
      "locatorValue": "//*[@ng-if='hasEditAccess']/a[2]"
    },
    "clkSave": {
      "locatorType": "xpath",
      "locatorValue": "//*[@class='btn btn--primary float-right']"
    },
    "successMessage": {
      "locatorType": "xpath",
      "locatorValue": "//*[@class='pxh-toast pxh-toast--animate-in']//*[@class='pxh-toast__text']"
    },
    "requestAccess": {
      "locatorType": "xpath",
      "locatorValue": "//*[@class='layout__item u-1/6']//a"
    },
    "clickSort": {
      "locatorType": "xpath",
      "locatorValue": "//*[@class='style-scope px-icon x-scope iron-icon-2']"
    },
    "selectFName": {
      "locatorType": "xpath",
      "locatorValue": "//*[@class='display_sort']/div[1]"
    },
    "selectLName": {
      "locatorType": "xpath",
      "locatorValue": "//*[@class='display_sort']/div[2]"
    },
    "selectJTitle": {
      "locatorType": "xpath",
      "locatorValue": "//*[@class='display_sort']/div[3]"
    },
    "removeSort": {
      "locatorType": "xpath",
      "locatorValue": "//*[@class='clear ng-scope']"
    },
    "selectSortText": {
      "locatorType": "xpath",
      "locatorValue": "//*[@class='aHand']"
    },
    "clickFirstRow": {
      "locatorType": "xpath",
      "locatorValue": "//*[@class='search searchList fx-left-scrollbar']/li[1]"
    },
    "rightEditIcon": {
      "locatorType": "xpath",
      "locatorValue": "//*[@class='float-right aHand ng-scope']//*[@class='fa fa-pencil']"
    },
    "rightDeleteIcon": {
      "locatorType": "xpath",
      "locatorValue": "//*[@class='layout__item u-1/2 ng-scope']/span[1]"
    },
    "emailDisable": {
      "locatorType": "css",
      "locatorValue": "#email"
    },
    "userIdDisable": {
      "locatorType": "css",
      "locatorValue": "#userid"
    },
    "storeFirstNameLForm": {
      "locatorType": "xpath",
      "locatorValue": "(//*[@class='layout__item u-1/3'])[3]//label[contains(text(),'First Name')]"
    },
    "storeFirstNameGetText": {
      "locatorType": "xpath",
      "locatorValue": "(//*[@class='layout__item u-1/3'])[3]/span"
    },
    "storeLastNameLForm": {
      "locatorType": "xpath",
      "locatorValue": "(//*[@class='layout__item u-1/3'])[4]//label[contains(text(),'Last Name')]"
    },
    "storeLastNameGetText": {
      "locatorType": "xpath",
      "locatorValue": "(//*[@class='layout__item u-1/3'])[4]/span"
    },
    "storeRoleLForm": {
      "locatorType": "xpath",
      "locatorValue": "(//*[@class='layout__item u-1/3'])[5]//label[contains(text(),'Job Title')]"
    },
    "storeRoleLFormGetText": {
      "locatorType": "xpath",
      "locatorValue": "(//*[@class='layout__item u-1/3'])[5]/span"
    },
    "storeMobileLForm": {
      "locatorType": "xpath",
      "locatorValue": "(//*[@class='layout__item u-1/3'])[6]//label[contains(text(),'Mobile Number')]"
    },
    "storeMobileLFormGetNumber": {
      "locatorType": "xpath",
      "locatorValue": "(//*[@class='layout__item u-1/3'])[6]/span"
    },
    "validateFullName": {
      "locatorType": "xpath",
      "locatorValue": "//*[@class='search searchList fx-left-scrollbar']/li[1]/p[1]/strong"
    },
    "validateRole": {
      "locatorType": "xpath",
      "locatorValue": "//*[@class='search searchList fx-left-scrollbar']/li[1]/p[2]/span"
    },
    "validateMobileNumber": {
      "locatorType": "xpath",
      "locatorValue": "//*[@class='search searchList fx-left-scrollbar']/li[1]/p[2]/span[2]"
    },
    "validateEditIcon": {
      "locatorType": "xpath",
      "locatorValue": "//*[@class='search searchList fx-left-scrollbar']/li[1]/p//i"
    },

    "clickDeleteIcon":{
      "locatorType": "xpath",
      "locatorValue": "//*[@class='search searchList fx-left-scrollbar']/li[1]/p//i[2]"
    },

    "addEmail": {
      "locatorType": "css",
      "locatorValue": "#email"
    },
    "addFName": {
      "locatorType": "css",
      "locatorValue": "#firstName"
    },
    "addSSO": {
      "locatorType": "css",
      "locatorValue": "#userid"
    },
    "addLName": {
      "locatorType": "css",
      "locatorValue": "#lastName"
    },
    "addInitials":{
      "locatorType": "xpath",
      "locatorValue": "//*[@id='initials']"
    },
    "addNName": {
      "locatorType": "css",
      "locatorValue": "#nickName"
    },
    "addMNumber": {
      "locatorType": "css",
      "locatorValue": "#mobileNumber"
    },
    "addONumber": {
      "locatorType": "css",
      "locatorValue": "#officeNumber"
    },
    "addJobTitle": {
      "locatorType": "css",
      "locatorValue": "#role"
    },
    "addSite": {
      "locatorType": "css",
      "locatorValue": "span.multiSelect"
    },
    "validateRecords": {
      "locatorType": "css",
      "locatorValue": "#mySelect"
    },
    "validateEMand": {
      "locatorType": "xpath",
      "locatorValue": "(//*[@class='fa fa-asterisk asterisk_error ng-scope'])[1]"
    },
    "errorMessage": {
      "locatorType": "xpath",
      "locatorValue": "(//*[@class='displayErrorMsg ng-scope'])[1]"
    },
    "validateWidget": {
      "locatorType": "xpath",
      "locatorValue": "//*[@id='turbine_widget']"
    },
    "numberOfTurbine": {
      "locatorType": "xpath",
      "locatorValue": "//*[@id='turbine_widget']/div/div[1]/span"
    },
    "faulted": {
      "locatorType": "xpath",
      "locatorValue": "(//*[@id='turbine_widget']/div[2]//p)[1]/span"
    },
    "stopped": {
      "locatorType": "xpath",
      "locatorValue": "(//*[@id='turbine_widget']/div[2]//p)[2]/span"
    },
    "netcom": {
      "locatorType": "xpath",
      "locatorValue": "(//*[@id='turbine_widget']/div[2]//p)[4]/span"
    },
    "impacted":{
      "locatorType": "xpath",
      "locatorValue": "(//*[@id='turbine_widget']/div[2]//p)[3]/span"
    },

    "apmCases":{
      "locatorType": "xpath",
      "locatorValue": "(//*[@id='turbine_widget']/div[2]//p)[5]/span"
    },

    "pills": {
      "locatorType": "xpath",
      "locatorValue": "//*[@class='u-mb- style-scope plan-turbine-status-widget']//span[contains(@class, 'badge badge-2')]"
    },

    "removePillButtons": {
      "locatorType": "cssAll",
      "locatorValue": "//*[@class='u-mb- style-scope plan-turbine-status-widget']//span[contains(@class, 'badge badge-2')]"
    },

    "validateWeaWidget":{
      "locatorType": "xpath",
      "locatorValue": "(//*[@class='cardContent as-sortable-item-handle ng-scope'])[3]"
    },

    "validateDarkSky":{
      "locatorType": "xpath",
      "locatorValue": "//a[@class='poweredByDarkSky style-scope plan-weather-widget']"
    },

    "case":{
      "locatorType": "xpath",
      "locatorValue": "//*[@class='u-mb- style-scope plan-turbine-status-widget']//span[contains(@class, 'badge badge-6')][1]"
    },

    "validateCase":{
      "locatorType": "xpath",
      "locatorValue": "//*[@class='u-mb- style-scope plan-turbine-status-widget']//span[contains(@class, 'badge badge-6')]//ul[@class='style-scope plan-turbine-status-widget']/li/span"
    },

    "refDate": {
      "locatorType": "xpath",
      "locatorValue": "//span[@class='lastUpdatedTxt u-mt- ng-binding ng-scope']"
    },

    "validateSortList":{
      "locatorType": "xpath",
      "locatorValue": "//*[@id='display_sort']"
    },

    "notPresentSortList":{
      "locatorType": "xpath",
      "locatorValue": "//*[@id='display_sort']"
    },

    "clickCsv":{
      "locatorType": "xpath",
      "locatorValue": "//*[@class='style-scope px-icon x-scope iron-icon-1']"
    },

    "addSNumber":{
      "locatorType": "xpath",
      "locatorValue": "//*[@class='search_box']//input[contains(@type,'text')]"
    },

    "validateMessage":{
      "locatorType": "xpath",
      "locatorValue": "//*[@class='no-message ng-scope']"
    },

    "selectAll":{
      "locatorType": "xpath",
      "locatorValue": "//*[@class='line ng-scope']//button[contains(text(),'Select All')]"
    },

    "validateWNumber":{
      "locatorType": "xpath",
      "locatorValue": "//*[@class='search_box']//input[contains(@type,'text')]"
    },

    "enterPNumber":{
      "locatorType": "xpath",
      "locatorValue": "//*[@class='search_box']//input[contains(@type,'text')]"
    },

    "enterLName":{
      "locatorType": "xpath",
      "locatorValue": "//*[@class='search_box']//input[contains(@type,'text')]"
    },

    "enterFName":{
      "locatorType": "xpath",
      "locatorValue": "//*[@class='search_box']//input[contains(@type,'text')]"
    },

    "validateWName":{
      "locatorType": "xpath",
      "locatorValue": "//*[@class='search_box']//input[contains(@type,'text')]"
    },

    "addExcitingEmail":{
      "locatorType": "css",
      "locatorValue": "#email"
    },

    "validateAssignSite":{
      "locatorType": "xpath",
      "locatorValue": "//*[@class='acol']//span[@class='ng-binding disabled']"
    },

    "validateLMand":{
      "locatorType": "xpath",
      "locatorValue": "(//*[@class='fa fa-asterisk asterisk_error ng-scope'])[3]"
    },

    "errorLMessage":{
      "locatorType": "xpath",
      "locatorValue": "(//*[@class='displayErrorMsg ng-scope'])[3]"
    },

    "clearLNameField":{
      "locatorType": "css",
      "locatorValue": "#lastName"
    },

    "validateFMand":{
      "locatorType": "xpath",
      "locatorValue": "(//*[@class='fa fa-asterisk asterisk_error ng-scope'])[2]"
    },

    "errorFMessage":{
      "locatorType": "xpath",
      "locatorValue": "(//*[@class='displayErrorMsg ng-scope'])[2]"
    },

    "errorMessageFN":{
      "locatorType": "xpath",
      "locatorValue": "(//*[@class='displayErrorMsg ng-scope'])[1]"
    },

    "errorMessageLN":{
      "locatorType": "xpath",
      "locatorValue": "(//*[@class='displayErrorMsg ng-scope'])[2]"
    },

    "clearFNameField":{
      "locatorType": "css",
      "locatorValue": "#firstName"
    },

    "nextButton":{
      "locatorType": "xpath",
      "locatorValue": "//*[text()='Next »']"
    },

    "searchPresent":{
      "locatorType": "xpath",
      "locatorValue": "//*[@class='search_box']"
    },

    "validatePopUp":{
      "locatorType":"xpath",
      "locatorValue": "//*[@id='unsaveMsgDialog']/div"
    },

    "validatePopMsg":{
      "locatorType":"xpath",
      "locatorValue": "//*[@id='unsaveMsgDialog']/div/p"
    },

    "cancelPopUp":{
      "locatorType":"xpath",
      "locatorValue":"//*[@id='unsaveMsgDialog']/div//*[text()='Cancel']"
    },

    "savePopUp":{
      "locatorType":"xpath",
      "locatorValue":"//*[@id='unsaveMsgDialog']/div//*[text()='Yes']"
    },

    "emailLForm":{
      "locatorType":"xpath",
      "locatorValue":"(//*[@class='layout__item u-1/3'])[1]//label[contains(text(),'Email')]"
    },

    "emailGetText": {
      "locatorType": "xpath",
      "locatorValue": "(//*[@class='layout__item u-1/3'])[1]/span"
    },

    "dropDown":{
      "locatorType": "xpath",
      "locatorValue": "//*[@class='layout__item u-1/4']/select"
    },

    "selectDropSite":{
      "locatorType": "xpath",
      "locatorValue": "//*[@class='layout__item u-1/4']/select/option[@value='site']"
    },

    "selectDropCat":{
      "locatorType": "xpath",
      "locatorValue": "(//*[@class='tcl'][2]//select)[1]"
    },

    "selectDropCatVal":{
      "locatorType": "xpath",
      "locatorValue": "(//*[@class='tcl'][2]//select/option[2])[1]"
    },

    "addBtn":{
      "locatorType": "xpath",
      "locatorValue": "//span[text()='Add']"
    },

    "canBtn":{
      "locatorType": "xpath",
      "locatorValue": "(//button[text()='Cancel'])[1]"
    },

    "noPopUp":{
      "locatorType": "xpath",
      "locatorValue": "(//button[text()='No'])[1]"
    },
    "validateErr":{
      "locatorType": "xpath",
      "locatorValue": "//*[@class='error ng-binding ng-scope'][contains(@ng-if,'isPriority')]"
    },

    "validateErrTit":{
      "locatorType": "xpath",
      "locatorValue": "//*[@class='error ng-binding ng-scope'][contains(@ng-if,'isTaskTitle')]"
    },

    "validateErrDec":{
      "locatorType": "xpath",
      "locatorValue": "//*[@class='error ng-binding ng-scope'][contains(@ng-if,'isTaskDescription')]"
    },

    "validateErrCatg":{
      "locatorType": "xpath",
      "locatorValue": "//*[@class='error ng-binding ng-scope'][contains(@ng-if,'isTaskType')]"
    },

    "podShowHideOption1": {
      "locatorType": "xpath",
      "locatorValue": "(//*[@id='textWrap'][text()='Show/ Hide Column'])[1]"
    },
    "podTaskTitle": {
      "locatorType": "xpath",
      "locatorValue": "(//*[@id='list']/li[1])[1]"
    },

    "reportsPODTab": {
      "locatorType": "xpath",
      "locatorValue": "//*[@id='tabtitle'][text()='Plan of the Day']"
    },

    "lastPageArrow":{
      "locatorType": "xpath",
      "locatorValue": "//*[@ng-click='lastPage()']"
    },

    "validatePersonnelText":{
      "locatorType": "xpath",
      "locatorValue": "(//*[@ng-if='!displayMode && createPage'])[1]"
    },

    "personnelDetails":{
      "locatorType": "xpath",
      "locatorValue": "(//*[@ng-if='displayMode'])[1]"
    },

    "removeSite":{
      "locatorType": "xpath",
      "locatorValue": "//*[@class='titleLable'][contains(text(),'Assign Site(s)')]"
    },

    "removeSitePills":{
      "locatorType": "xpath",
      "locatorValue": "//*[@class='displaySites ng-binding'][contains(text(),'Rei Dos Ventos')]/i"
    },

    "getDisabledSite":{
      "locatorType": "xpath",
      "locatorValue": "//*[@class='checkBoxContainer']//*[@class='multiSelectItem ng-scope selected vertical disabled']"
    },

    "getEnabledSite": {
      "locatorType": "xpath",
      "locatorValue": "//*[@class='checkBoxContainer']//*[@class='multiSelectItem ng-scope vertical']"
    },

    "createButton1":{
      "locatorType": "xpath",
      "locatorValue": "(//*[@class='context-browser-disabled-false style-scope px-context-browser'])[1]"
    },

    "validateUpper":{
      "locatorType": "xpath",
      "locatorValue": "//*[@class='row fx-left-filter ng-scope']"
    },

    "validateLower":{
      "locatorType": "xpath",
      "locatorValue": "//*[@class='fx-pagination']"
    },

    "validateLowerTurbine":{
      "locatorType": "xpath",
      "locatorValue": "//*[@class='fx-pagination ng-scope']"
    },

    "storeSite":{
      "locatorType": "xpath",
      "locatorValue": "(//*[@class='context-browser-disabled-false style-scope px-context-browser'])[1]"
    },

    "deleteHeader":{
      "locatorType": "xpath",
      "locatorValue": "//*[@class='delete-modal-dialog']/p[1]"
    },

    "deleteBody":{
      "locatorType": "xpath",
      "locatorValue": "//*[@class='delete-modal-dialog']/p[2]"
    },

    "deletePad":{
      "locatorType": "xpath",
      "locatorValue": "//*[@class='delete-modal-dialog']/p[3]"
    },

    "deleteNote":{
      "locatorType": "xpath",
      "locatorValue": "//*[@class='delete-modal-dialog']/p[4]"
    },

    "deleteYes":{
      "locatorType": "xpath",
      "locatorValue": "(//*[@class='btn btn--primary float--right u-mr-'])[1]"
    },

    "noRecord":{
      "locatorType": "xpath",
      "locatorValue": "//*[@class='no-message ng-scope']"
    },

    "validateInCrew":{
      "locatorType": "xpath",
      "locatorValue": "//*[@id='crewSpan']//*[text()='TY']"
    },

    "taskName":{
      "locatorType": "xpath",
      "locatorValue": "//*[@id='title']"
    },

    "description":{
      "locatorType": "xpath",
      "locatorValue": "(//*[@id='description'])[1]"
    },

    "selectCategoryDrop":{
      "locatorType": "xpath",
      "locatorValue": "//*[@ng-model='postData.taskType']"
    },

    "selectCategory":{
      "locatorType": "xpath",
      "locatorValue": "//*[@ng-model='postData.taskType']/option[contains(@label,'Other')]"
    },

    "selectDocumentationDrop":{
      "locatorType": "xpath",
      "locatorValue": "//*[@ng-model='taskData.selectedTaskLocation']"
    },

    "selectDocumentation":{
      "locatorType": "xpath",
      "locatorValue": "//*[@ng-model='taskData.selectedTaskLocation']/option[@label='Documentation']"
    },

    "selectSectionDrop":{
      "locatorType": "xpath",
      "locatorValue": "//*[@ng-model='taskData.selectedSection']"
    },

    "selectSection":{
      "locatorType": "xpath",
      "locatorValue": "//*[@ng-model='taskData.selectedSection']/option[@label='Work Instruction']"
    },

    "selectPlus":{
      "locatorType": "xpath",
      "locatorValue": "(//*[@icon='fa:fa-plus-circle'])[1]"
    },

    "saveButtonTur":{
      "locatorType": "xpath",
      "locatorValue": "//*[@ng-click='saveTurbines()']"
    },

    "selectPriorityDrop":{
      "locatorType": "xpath",
      "locatorValue": "//*[@ng-model='taskData.selectedTaskPriority']"
    },

    "selectPriority":{
      "locatorType": "xpath",
      "locatorValue": "//*[@ng-model='taskData.selectedTaskPriority']/option[@label='LOW']"
    },

    "selectTechDrop":{
      "locatorType": "xpath",
      "locatorValue": "//*[@ng-model='numberOfTechRequired']"
    },

    "selectTech":{
      "locatorType": "xpath",
      "locatorValue": "//*[@ng-model='numberOfTechRequired']/option[@label='2']"
    },

    "selectDue":{
      "locatorType": "xpath",
      "locatorValue": "(//*[@class='label--inline dt-label-icon style-scope px-datetime-entry'])[2]"
    },

    "selectPlanned": {
      "locatorType": "xpath",
      "locatorValue": "(//*[@class='label--inline dt-label-icon style-scope px-datetime-entry'])[3]"
    },

    "changeHour":{
      "locatorType": "xpath",
      "locatorValue": "//*[@id='taskEstimatedDurationHrs']"
    },

    "partsNeed":{
      "locatorType": "xpath",
      "locatorValue": "//*[@ng-model='postData.partDetails']"
    },

    "techNotes": {
      "locatorType": "xpath",
      "locatorValue": "//*[@ng-model='postData.taskInternalNotes']"
    },

    "podEodNotes": {
      "locatorType": "xpath",
      "locatorValue": "//*[@ng-model='postData.taskExternalNotes']"
    },

    "addTask":{
      "locatorType": "xpath",
      "locatorValue": "//*[text()='Add']"
    },

    "clickOK":{
      "locatorType": "xpath",
      "locatorValue": "(//*[@id='btnModalPositive'])[1]"
    },

    "selectFirstValue":{
      "locatorType": "xpath",
      "locatorValue": "(//*[@ng-model='groupData.isSelected'])[1]"
    },

    "turbineValue":{
      "locatorType": "xpath",
      "locatorValue": "(//*[@class='two ng-binding'])[1]"
    },

    "clickSearch":{
      "locatorType": "xpath",
      "locatorValue": " //*[@class='search ng-pristine ng-untouched ng-valid ng-empty']"
    },

    "validateUniUser":{
      "locatorType": "xpath",
      "locatorValue": "//*[@id='crewSpan']//*[text()='TULYN']"
    },

    "validateCrewPresent":{
      "locatorType": "xpath",
      "locatorValue": "//*[@ng-model='crewDetails']"
    },

    "validatePlus":{
      "locatorType": "xpath",
      "locatorValue": "(//*[@class='addTaskBtnBottom ng-scope'])[1]"
    },

    "addNewTask":{
      "locatorType": "xpath",
      "locatorValue": "//*[@class='dropdown-menu-add-task dropup keep_open']//*[@class='btn btn--primary ng-binding']"
    },

    "addDurationNote":{
      "locatorType": "xpath",
      "locatorValue": "//*[@ng-model='task.taskActualDurationMins']"
    },

    "selectHours":{
      "locatorType": "xpath",
      "locatorValue": "//*[@ng-model='task.taskActualDurationMins']/option[2]"
    },

    "sendNotes":{
      "locatorType": "xpath",
      "locatorValue": "//*[@class='done-notes']"
    },

    "clickDone":{
      "locatorType": "xpath",
      "locatorValue": "(//*[@class='btn btn--primary ng-binding'])[1]"
    },

    "completedDate":{
      "locatorType": "xpath",
      "locatorValue": "(//*[@class='table table-bordered u-mt-']//td)[1]"
    },

    "contextBrowser":{
      "locatorType": "xpath",
      "locatorValue": "//*[@class='content-wrapper style-scope px-context-browser']"
    },

    "recordValidation":{
      "locatorType": "xpath",
      "locatorValue": "//*[@class='pagination-section']"
    },

    "leftPlan":{
      "locatorType": "xpath",
      "locatorValue": "[title='Plan']"
    },

    "leftTurbine":{
      "locatorType": "xpath",
      "locatorValue": "[title='Turbines']"
    },

    "leftReports":{
      "locatorType": "xpath",
      "locatorValue": "[title='Reports']"
    }

  }


}
